{"frames": [

{
	"filename": "amina_00023.png",
	"frame": {"x":1,"y":1,"w":540,"h":540},
	"rotated": false,
	"trimmed": false,
	"spriteSourceSize": {"x":0,"y":0,"w":540,"h":540},
	"sourceSize": {"w":540,"h":540}
},
{
	"filename": "amina_00025.png",
	"frame": {"x":543,"y":1,"w":540,"h":540},
	"rotated": false,
	"trimmed": false,
	"spriteSourceSize": {"x":0,"y":0,"w":540,"h":540},
	"sourceSize": {"w":540,"h":540}
},
{
	"filename": "amina_00028.png",
	"frame": {"x":1085,"y":1,"w":540,"h":540},
	"rotated": false,
	"trimmed": false,
	"spriteSourceSize": {"x":0,"y":0,"w":540,"h":540},
	"sourceSize": {"w":540,"h":540}
},
{
	"filename": "amina_00030.png",
	"frame": {"x":1,"y":543,"w":540,"h":540},
	"rotated": false,
	"trimmed": false,
	"spriteSourceSize": {"x":0,"y":0,"w":540,"h":540},
	"sourceSize": {"w":540,"h":540}
},
{
	"filename": "amina_00033.png",
	"frame": {"x":543,"y":543,"w":540,"h":540},
	"rotated": false,
	"trimmed": false,
	"spriteSourceSize": {"x":0,"y":0,"w":540,"h":540},
	"sourceSize": {"w":540,"h":540}
},
{
	"filename": "amina_00035.png",
	"frame": {"x":1085,"y":543,"w":540,"h":540},
	"rotated": false,
	"trimmed": false,
	"spriteSourceSize": {"x":0,"y":0,"w":540,"h":540},
	"sourceSize": {"w":540,"h":540}
},
{
	"filename": "amina_00038.png",
	"frame": {"x":1,"y":1085,"w":540,"h":540},
	"rotated": false,
	"trimmed": false,
	"spriteSourceSize": {"x":0,"y":0,"w":540,"h":540},
	"sourceSize": {"w":540,"h":540}
},
{
	"filename": "amina_00040.png",
	"frame": {"x":543,"y":1085,"w":540,"h":540},
	"rotated": false,
	"trimmed": false,
	"spriteSourceSize": {"x":0,"y":0,"w":540,"h":540},
	"sourceSize": {"w":540,"h":540}
},
{
	"filename": "heno_00000.png",
	"frame": {"x":1085,"y":1085,"w":540,"h":540},
	"rotated": false,
	"trimmed": false,
	"spriteSourceSize": {"x":0,"y":0,"w":540,"h":540},
	"sourceSize": {"w":540,"h":540}
}],
"meta": {
	"app": "https://www.codeandweb.com/texturepacker",
	"version": "1.0",
	"image": "all-1.png",
	"format": "RGBA8888",
	"size": {"w":1626,"h":1626},
	"scale": "0.5",
	"related_multi_packs": [ "all-0.json", "all-2.json", "all-3.json", "all-4.json", "all-5.json" ],
	"smartupdate": "$TexturePacker:SmartUpdate:e778ed25a59e027123642a4a4cbf3ded:6c15387b4117dd3961da14acc1fd0edc:88844646608cea68a86cb407bb91b837$"
}
}
