{"frames": [

{
	"filename": "tara rose_00023.png",
	"frame": {"x":1,"y":1,"w":540,"h":540},
	"rotated": false,
	"trimmed": false,
	"spriteSourceSize": {"x":0,"y":0,"w":540,"h":540},
	"sourceSize": {"w":540,"h":540}
},
{
	"filename": "tara rose_00025.png",
	"frame": {"x":543,"y":1,"w":540,"h":540},
	"rotated": false,
	"trimmed": false,
	"spriteSourceSize": {"x":0,"y":0,"w":540,"h":540},
	"sourceSize": {"w":540,"h":540}
},
{
	"filename": "tara rose_00028.png",
	"frame": {"x":1085,"y":1,"w":540,"h":540},
	"rotated": false,
	"trimmed": false,
	"spriteSourceSize": {"x":0,"y":0,"w":540,"h":540},
	"sourceSize": {"w":540,"h":540}
}],
"meta": {
	"app": "https://www.codeandweb.com/texturepacker",
	"version": "1.0",
	"image": "all-5.png",
	"format": "RGBA8888",
	"size": {"w":1626,"h":542},
	"scale": "0.5",
	"related_multi_packs": [ "all-0.json", "all-1.json", "all-2.json", "all-3.json", "all-4.json" ],
	"smartupdate": "$TexturePacker:SmartUpdate:e778ed25a59e027123642a4a4cbf3ded:6c15387b4117dd3961da14acc1fd0edc:88844646608cea68a86cb407bb91b837$"
}
}
