{"frames": [

{
	"filename": "amina_00000.png",
	"frame": {"x":0,"y":0,"w":270,"h":270},
	"rotated": false,
	"trimmed": false,
	"spriteSourceSize": {"x":0,"y":0,"w":270,"h":270},
	"sourceSize": {"w":270,"h":270}
},
{
	"filename": "amina_00001.png",
	"frame": {"x":270,"y":0,"w":270,"h":270},
	"rotated": false,
	"trimmed": false,
	"spriteSourceSize": {"x":0,"y":0,"w":270,"h":270},
	"sourceSize": {"w":270,"h":270}
},
{
	"filename": "amina_00002.png",
	"frame": {"x":540,"y":0,"w":270,"h":270},
	"rotated": false,
	"trimmed": false,
	"spriteSourceSize": {"x":0,"y":0,"w":270,"h":270},
	"sourceSize": {"w":270,"h":270}
},
{
	"filename": "amina_00003.png",
	"frame": {"x":810,"y":0,"w":270,"h":270},
	"rotated": false,
	"trimmed": false,
	"spriteSourceSize": {"x":0,"y":0,"w":270,"h":270},
	"sourceSize": {"w":270,"h":270}
},
{
	"filename": "amina_00004.png",
	"frame": {"x":1080,"y":0,"w":270,"h":270},
	"rotated": false,
	"trimmed": false,
	"spriteSourceSize": {"x":0,"y":0,"w":270,"h":270},
	"sourceSize": {"w":270,"h":270}
},
{
	"filename": "amina_00005.png",
	"frame": {"x":1350,"y":0,"w":270,"h":270},
	"rotated": false,
	"trimmed": false,
	"spriteSourceSize": {"x":0,"y":0,"w":270,"h":270},
	"sourceSize": {"w":270,"h":270}
},
{
	"filename": "amina_00006.png",
	"frame": {"x":1620,"y":0,"w":270,"h":270},
	"rotated": false,
	"trimmed": false,
	"spriteSourceSize": {"x":0,"y":0,"w":270,"h":270},
	"sourceSize": {"w":270,"h":270}
},
{
	"filename": "amina_00007.png",
	"frame": {"x":0,"y":270,"w":270,"h":270},
	"rotated": false,
	"trimmed": false,
	"spriteSourceSize": {"x":0,"y":0,"w":270,"h":270},
	"sourceSize": {"w":270,"h":270}
},
{
	"filename": "amina_00008.png",
	"frame": {"x":270,"y":270,"w":270,"h":270},
	"rotated": false,
	"trimmed": false,
	"spriteSourceSize": {"x":0,"y":0,"w":270,"h":270},
	"sourceSize": {"w":270,"h":270}
},
{
	"filename": "amina_00009.png",
	"frame": {"x":540,"y":270,"w":270,"h":270},
	"rotated": false,
	"trimmed": false,
	"spriteSourceSize": {"x":0,"y":0,"w":270,"h":270},
	"sourceSize": {"w":270,"h":270}
},
{
	"filename": "amina_00010.png",
	"frame": {"x":810,"y":270,"w":270,"h":270},
	"rotated": false,
	"trimmed": false,
	"spriteSourceSize": {"x":0,"y":0,"w":270,"h":270},
	"sourceSize": {"w":270,"h":270}
},
{
	"filename": "amina_00011.png",
	"frame": {"x":1080,"y":270,"w":270,"h":270},
	"rotated": false,
	"trimmed": false,
	"spriteSourceSize": {"x":0,"y":0,"w":270,"h":270},
	"sourceSize": {"w":270,"h":270}
},
{
	"filename": "amina_00012.png",
	"frame": {"x":1350,"y":270,"w":270,"h":270},
	"rotated": false,
	"trimmed": false,
	"spriteSourceSize": {"x":0,"y":0,"w":270,"h":270},
	"sourceSize": {"w":270,"h":270}
},
{
	"filename": "amina_00013.png",
	"frame": {"x":1620,"y":270,"w":270,"h":270},
	"rotated": false,
	"trimmed": false,
	"spriteSourceSize": {"x":0,"y":0,"w":270,"h":270},
	"sourceSize": {"w":270,"h":270}
},
{
	"filename": "amina_00014.png",
	"frame": {"x":0,"y":540,"w":270,"h":270},
	"rotated": false,
	"trimmed": false,
	"spriteSourceSize": {"x":0,"y":0,"w":270,"h":270},
	"sourceSize": {"w":270,"h":270}
},
{
	"filename": "amina_00015.png",
	"frame": {"x":270,"y":540,"w":270,"h":270},
	"rotated": false,
	"trimmed": false,
	"spriteSourceSize": {"x":0,"y":0,"w":270,"h":270},
	"sourceSize": {"w":270,"h":270}
},
{
	"filename": "amina_00016.png",
	"frame": {"x":540,"y":540,"w":270,"h":270},
	"rotated": false,
	"trimmed": false,
	"spriteSourceSize": {"x":0,"y":0,"w":270,"h":270},
	"sourceSize": {"w":270,"h":270}
},
{
	"filename": "amina_00017.png",
	"frame": {"x":810,"y":540,"w":270,"h":270},
	"rotated": false,
	"trimmed": false,
	"spriteSourceSize": {"x":0,"y":0,"w":270,"h":270},
	"sourceSize": {"w":270,"h":270}
},
{
	"filename": "amina_00018.png",
	"frame": {"x":1080,"y":540,"w":270,"h":270},
	"rotated": false,
	"trimmed": false,
	"spriteSourceSize": {"x":0,"y":0,"w":270,"h":270},
	"sourceSize": {"w":270,"h":270}
},
{
	"filename": "amina_00019.png",
	"frame": {"x":1350,"y":540,"w":270,"h":270},
	"rotated": false,
	"trimmed": false,
	"spriteSourceSize": {"x":0,"y":0,"w":270,"h":270},
	"sourceSize": {"w":270,"h":270}
},
{
	"filename": "amina_00020.png",
	"frame": {"x":1620,"y":540,"w":270,"h":270},
	"rotated": false,
	"trimmed": false,
	"spriteSourceSize": {"x":0,"y":0,"w":270,"h":270},
	"sourceSize": {"w":270,"h":270}
},
{
	"filename": "amina_00021.png",
	"frame": {"x":0,"y":810,"w":270,"h":270},
	"rotated": false,
	"trimmed": false,
	"spriteSourceSize": {"x":0,"y":0,"w":270,"h":270},
	"sourceSize": {"w":270,"h":270}
},
{
	"filename": "amina_00022.png",
	"frame": {"x":270,"y":810,"w":270,"h":270},
	"rotated": false,
	"trimmed": false,
	"spriteSourceSize": {"x":0,"y":0,"w":270,"h":270},
	"sourceSize": {"w":270,"h":270}
},
{
	"filename": "amina_00023.png",
	"frame": {"x":540,"y":810,"w":270,"h":270},
	"rotated": false,
	"trimmed": false,
	"spriteSourceSize": {"x":0,"y":0,"w":270,"h":270},
	"sourceSize": {"w":270,"h":270}
},
{
	"filename": "amina_00024.png",
	"frame": {"x":810,"y":810,"w":270,"h":270},
	"rotated": false,
	"trimmed": false,
	"spriteSourceSize": {"x":0,"y":0,"w":270,"h":270},
	"sourceSize": {"w":270,"h":270}
},
{
	"filename": "amina_00025.png",
	"frame": {"x":1080,"y":810,"w":270,"h":270},
	"rotated": false,
	"trimmed": false,
	"spriteSourceSize": {"x":0,"y":0,"w":270,"h":270},
	"sourceSize": {"w":270,"h":270}
},
{
	"filename": "amina_00026.png",
	"frame": {"x":1350,"y":810,"w":270,"h":270},
	"rotated": false,
	"trimmed": false,
	"spriteSourceSize": {"x":0,"y":0,"w":270,"h":270},
	"sourceSize": {"w":270,"h":270}
},
{
	"filename": "amina_00027.png",
	"frame": {"x":1620,"y":810,"w":270,"h":270},
	"rotated": false,
	"trimmed": false,
	"spriteSourceSize": {"x":0,"y":0,"w":270,"h":270},
	"sourceSize": {"w":270,"h":270}
},
{
	"filename": "amina_00028.png",
	"frame": {"x":0,"y":1080,"w":270,"h":270},
	"rotated": false,
	"trimmed": false,
	"spriteSourceSize": {"x":0,"y":0,"w":270,"h":270},
	"sourceSize": {"w":270,"h":270}
},
{
	"filename": "amina_00029.png",
	"frame": {"x":270,"y":1080,"w":270,"h":270},
	"rotated": false,
	"trimmed": false,
	"spriteSourceSize": {"x":0,"y":0,"w":270,"h":270},
	"sourceSize": {"w":270,"h":270}
},
{
	"filename": "amina_00030.png",
	"frame": {"x":540,"y":1080,"w":270,"h":270},
	"rotated": false,
	"trimmed": false,
	"spriteSourceSize": {"x":0,"y":0,"w":270,"h":270},
	"sourceSize": {"w":270,"h":270}
},
{
	"filename": "amina_00031.png",
	"frame": {"x":810,"y":1080,"w":270,"h":270},
	"rotated": false,
	"trimmed": false,
	"spriteSourceSize": {"x":0,"y":0,"w":270,"h":270},
	"sourceSize": {"w":270,"h":270}
},
{
	"filename": "amina_00032.png",
	"frame": {"x":1080,"y":1080,"w":270,"h":270},
	"rotated": false,
	"trimmed": false,
	"spriteSourceSize": {"x":0,"y":0,"w":270,"h":270},
	"sourceSize": {"w":270,"h":270}
},
{
	"filename": "amina_00033.png",
	"frame": {"x":1350,"y":1080,"w":270,"h":270},
	"rotated": false,
	"trimmed": false,
	"spriteSourceSize": {"x":0,"y":0,"w":270,"h":270},
	"sourceSize": {"w":270,"h":270}
},
{
	"filename": "amina_00034.png",
	"frame": {"x":1620,"y":1080,"w":270,"h":270},
	"rotated": false,
	"trimmed": false,
	"spriteSourceSize": {"x":0,"y":0,"w":270,"h":270},
	"sourceSize": {"w":270,"h":270}
},
{
	"filename": "amina_00035.png",
	"frame": {"x":0,"y":1350,"w":270,"h":270},
	"rotated": false,
	"trimmed": false,
	"spriteSourceSize": {"x":0,"y":0,"w":270,"h":270},
	"sourceSize": {"w":270,"h":270}
},
{
	"filename": "amina_00036.png",
	"frame": {"x":270,"y":1350,"w":270,"h":270},
	"rotated": false,
	"trimmed": false,
	"spriteSourceSize": {"x":0,"y":0,"w":270,"h":270},
	"sourceSize": {"w":270,"h":270}
},
{
	"filename": "amina_00037.png",
	"frame": {"x":540,"y":1350,"w":270,"h":270},
	"rotated": false,
	"trimmed": false,
	"spriteSourceSize": {"x":0,"y":0,"w":270,"h":270},
	"sourceSize": {"w":270,"h":270}
},
{
	"filename": "amina_00038.png",
	"frame": {"x":810,"y":1350,"w":270,"h":270},
	"rotated": false,
	"trimmed": false,
	"spriteSourceSize": {"x":0,"y":0,"w":270,"h":270},
	"sourceSize": {"w":270,"h":270}
},
{
	"filename": "amina_00039.png",
	"frame": {"x":1080,"y":1350,"w":270,"h":270},
	"rotated": false,
	"trimmed": false,
	"spriteSourceSize": {"x":0,"y":0,"w":270,"h":270},
	"sourceSize": {"w":270,"h":270}
},
{
	"filename": "amina_00040.png",
	"frame": {"x":1350,"y":1350,"w":270,"h":270},
	"rotated": false,
	"trimmed": false,
	"spriteSourceSize": {"x":0,"y":0,"w":270,"h":270},
	"sourceSize": {"w":270,"h":270}
},
{
	"filename": "amina_00041.png",
	"frame": {"x":1620,"y":1350,"w":270,"h":270},
	"rotated": false,
	"trimmed": false,
	"spriteSourceSize": {"x":0,"y":0,"w":270,"h":270},
	"sourceSize": {"w":270,"h":270}
},
{
	"filename": "amina_00042.png",
	"frame": {"x":0,"y":1620,"w":270,"h":270},
	"rotated": false,
	"trimmed": false,
	"spriteSourceSize": {"x":0,"y":0,"w":270,"h":270},
	"sourceSize": {"w":270,"h":270}
}],
"meta": {
	"app": "https://www.codeandweb.com/texturepacker",
	"version": "1.0",
	"image": "amina.png",
	"format": "RGBA8888",
	"size": {"w":1890,"h":1890},
	"scale": "1",
	"smartupdate": "$TexturePacker:SmartUpdate:ac0860fcc63d74d1a8f74a315622bfcd:b962531220b060c558608f866b19ec17:0c31bd2cb428bc940200f56a3b38ba04$"
}
}
