{"frames": [

{
	"filename": "heno_00000.png",
	"frame": {"x":0,"y":0,"w":270,"h":270},
	"rotated": false,
	"trimmed": false,
	"spriteSourceSize": {"x":0,"y":0,"w":270,"h":270},
	"sourceSize": {"w":270,"h":270}
},
{
	"filename": "heno_00001.png",
	"frame": {"x":270,"y":0,"w":270,"h":270},
	"rotated": false,
	"trimmed": false,
	"spriteSourceSize": {"x":0,"y":0,"w":270,"h":270},
	"sourceSize": {"w":270,"h":270}
},
{
	"filename": "heno_00002.png",
	"frame": {"x":540,"y":0,"w":270,"h":270},
	"rotated": false,
	"trimmed": false,
	"spriteSourceSize": {"x":0,"y":0,"w":270,"h":270},
	"sourceSize": {"w":270,"h":270}
},
{
	"filename": "heno_00003.png",
	"frame": {"x":810,"y":0,"w":270,"h":270},
	"rotated": false,
	"trimmed": false,
	"spriteSourceSize": {"x":0,"y":0,"w":270,"h":270},
	"sourceSize": {"w":270,"h":270}
},
{
	"filename": "heno_00004.png",
	"frame": {"x":1080,"y":0,"w":270,"h":270},
	"rotated": false,
	"trimmed": false,
	"spriteSourceSize": {"x":0,"y":0,"w":270,"h":270},
	"sourceSize": {"w":270,"h":270}
},
{
	"filename": "heno_00005.png",
	"frame": {"x":1350,"y":0,"w":270,"h":270},
	"rotated": false,
	"trimmed": false,
	"spriteSourceSize": {"x":0,"y":0,"w":270,"h":270},
	"sourceSize": {"w":270,"h":270}
},
{
	"filename": "heno_00006.png",
	"frame": {"x":1620,"y":0,"w":270,"h":270},
	"rotated": false,
	"trimmed": false,
	"spriteSourceSize": {"x":0,"y":0,"w":270,"h":270},
	"sourceSize": {"w":270,"h":270}
},
{
	"filename": "heno_00007.png",
	"frame": {"x":0,"y":270,"w":270,"h":270},
	"rotated": false,
	"trimmed": false,
	"spriteSourceSize": {"x":0,"y":0,"w":270,"h":270},
	"sourceSize": {"w":270,"h":270}
},
{
	"filename": "heno_00008.png",
	"frame": {"x":270,"y":270,"w":270,"h":270},
	"rotated": false,
	"trimmed": false,
	"spriteSourceSize": {"x":0,"y":0,"w":270,"h":270},
	"sourceSize": {"w":270,"h":270}
},
{
	"filename": "heno_00009.png",
	"frame": {"x":540,"y":270,"w":270,"h":270},
	"rotated": false,
	"trimmed": false,
	"spriteSourceSize": {"x":0,"y":0,"w":270,"h":270},
	"sourceSize": {"w":270,"h":270}
},
{
	"filename": "heno_00010.png",
	"frame": {"x":810,"y":270,"w":270,"h":270},
	"rotated": false,
	"trimmed": false,
	"spriteSourceSize": {"x":0,"y":0,"w":270,"h":270},
	"sourceSize": {"w":270,"h":270}
},
{
	"filename": "heno_00011.png",
	"frame": {"x":1080,"y":270,"w":270,"h":270},
	"rotated": false,
	"trimmed": false,
	"spriteSourceSize": {"x":0,"y":0,"w":270,"h":270},
	"sourceSize": {"w":270,"h":270}
},
{
	"filename": "heno_00012.png",
	"frame": {"x":1350,"y":270,"w":270,"h":270},
	"rotated": false,
	"trimmed": false,
	"spriteSourceSize": {"x":0,"y":0,"w":270,"h":270},
	"sourceSize": {"w":270,"h":270}
},
{
	"filename": "heno_00013.png",
	"frame": {"x":1620,"y":270,"w":270,"h":270},
	"rotated": false,
	"trimmed": false,
	"spriteSourceSize": {"x":0,"y":0,"w":270,"h":270},
	"sourceSize": {"w":270,"h":270}
},
{
	"filename": "heno_00014.png",
	"frame": {"x":0,"y":540,"w":270,"h":270},
	"rotated": false,
	"trimmed": false,
	"spriteSourceSize": {"x":0,"y":0,"w":270,"h":270},
	"sourceSize": {"w":270,"h":270}
},
{
	"filename": "heno_00015.png",
	"frame": {"x":270,"y":540,"w":270,"h":270},
	"rotated": false,
	"trimmed": false,
	"spriteSourceSize": {"x":0,"y":0,"w":270,"h":270},
	"sourceSize": {"w":270,"h":270}
},
{
	"filename": "heno_00016.png",
	"frame": {"x":540,"y":540,"w":270,"h":270},
	"rotated": false,
	"trimmed": false,
	"spriteSourceSize": {"x":0,"y":0,"w":270,"h":270},
	"sourceSize": {"w":270,"h":270}
},
{
	"filename": "heno_00017.png",
	"frame": {"x":810,"y":540,"w":270,"h":270},
	"rotated": false,
	"trimmed": false,
	"spriteSourceSize": {"x":0,"y":0,"w":270,"h":270},
	"sourceSize": {"w":270,"h":270}
},
{
	"filename": "heno_00018.png",
	"frame": {"x":1080,"y":540,"w":270,"h":270},
	"rotated": false,
	"trimmed": false,
	"spriteSourceSize": {"x":0,"y":0,"w":270,"h":270},
	"sourceSize": {"w":270,"h":270}
},
{
	"filename": "heno_00019.png",
	"frame": {"x":1350,"y":540,"w":270,"h":270},
	"rotated": false,
	"trimmed": false,
	"spriteSourceSize": {"x":0,"y":0,"w":270,"h":270},
	"sourceSize": {"w":270,"h":270}
},
{
	"filename": "heno_00020.png",
	"frame": {"x":1620,"y":540,"w":270,"h":270},
	"rotated": false,
	"trimmed": false,
	"spriteSourceSize": {"x":0,"y":0,"w":270,"h":270},
	"sourceSize": {"w":270,"h":270}
},
{
	"filename": "heno_00021.png",
	"frame": {"x":0,"y":810,"w":270,"h":270},
	"rotated": false,
	"trimmed": false,
	"spriteSourceSize": {"x":0,"y":0,"w":270,"h":270},
	"sourceSize": {"w":270,"h":270}
},
{
	"filename": "heno_00022.png",
	"frame": {"x":270,"y":810,"w":270,"h":270},
	"rotated": false,
	"trimmed": false,
	"spriteSourceSize": {"x":0,"y":0,"w":270,"h":270},
	"sourceSize": {"w":270,"h":270}
},
{
	"filename": "heno_00023.png",
	"frame": {"x":540,"y":810,"w":270,"h":270},
	"rotated": false,
	"trimmed": false,
	"spriteSourceSize": {"x":0,"y":0,"w":270,"h":270},
	"sourceSize": {"w":270,"h":270}
},
{
	"filename": "heno_00024.png",
	"frame": {"x":810,"y":810,"w":270,"h":270},
	"rotated": false,
	"trimmed": false,
	"spriteSourceSize": {"x":0,"y":0,"w":270,"h":270},
	"sourceSize": {"w":270,"h":270}
},
{
	"filename": "heno_00025.png",
	"frame": {"x":1080,"y":810,"w":270,"h":270},
	"rotated": false,
	"trimmed": false,
	"spriteSourceSize": {"x":0,"y":0,"w":270,"h":270},
	"sourceSize": {"w":270,"h":270}
},
{
	"filename": "heno_00026.png",
	"frame": {"x":1350,"y":810,"w":270,"h":270},
	"rotated": false,
	"trimmed": false,
	"spriteSourceSize": {"x":0,"y":0,"w":270,"h":270},
	"sourceSize": {"w":270,"h":270}
},
{
	"filename": "heno_00027.png",
	"frame": {"x":1620,"y":810,"w":270,"h":270},
	"rotated": false,
	"trimmed": false,
	"spriteSourceSize": {"x":0,"y":0,"w":270,"h":270},
	"sourceSize": {"w":270,"h":270}
},
{
	"filename": "heno_00028.png",
	"frame": {"x":0,"y":1080,"w":270,"h":270},
	"rotated": false,
	"trimmed": false,
	"spriteSourceSize": {"x":0,"y":0,"w":270,"h":270},
	"sourceSize": {"w":270,"h":270}
},
{
	"filename": "heno_00029.png",
	"frame": {"x":270,"y":1080,"w":270,"h":270},
	"rotated": false,
	"trimmed": false,
	"spriteSourceSize": {"x":0,"y":0,"w":270,"h":270},
	"sourceSize": {"w":270,"h":270}
},
{
	"filename": "heno_00030.png",
	"frame": {"x":540,"y":1080,"w":270,"h":270},
	"rotated": false,
	"trimmed": false,
	"spriteSourceSize": {"x":0,"y":0,"w":270,"h":270},
	"sourceSize": {"w":270,"h":270}
},
{
	"filename": "heno_00031.png",
	"frame": {"x":810,"y":1080,"w":270,"h":270},
	"rotated": false,
	"trimmed": false,
	"spriteSourceSize": {"x":0,"y":0,"w":270,"h":270},
	"sourceSize": {"w":270,"h":270}
},
{
	"filename": "heno_00032.png",
	"frame": {"x":1080,"y":1080,"w":270,"h":270},
	"rotated": false,
	"trimmed": false,
	"spriteSourceSize": {"x":0,"y":0,"w":270,"h":270},
	"sourceSize": {"w":270,"h":270}
},
{
	"filename": "heno_00033.png",
	"frame": {"x":1350,"y":1080,"w":270,"h":270},
	"rotated": false,
	"trimmed": false,
	"spriteSourceSize": {"x":0,"y":0,"w":270,"h":270},
	"sourceSize": {"w":270,"h":270}
},
{
	"filename": "heno_00034.png",
	"frame": {"x":1620,"y":1080,"w":270,"h":270},
	"rotated": false,
	"trimmed": false,
	"spriteSourceSize": {"x":0,"y":0,"w":270,"h":270},
	"sourceSize": {"w":270,"h":270}
},
{
	"filename": "heno_00035.png",
	"frame": {"x":0,"y":1350,"w":270,"h":270},
	"rotated": false,
	"trimmed": false,
	"spriteSourceSize": {"x":0,"y":0,"w":270,"h":270},
	"sourceSize": {"w":270,"h":270}
},
{
	"filename": "heno_00036.png",
	"frame": {"x":270,"y":1350,"w":270,"h":270},
	"rotated": false,
	"trimmed": false,
	"spriteSourceSize": {"x":0,"y":0,"w":270,"h":270},
	"sourceSize": {"w":270,"h":270}
},
{
	"filename": "heno_00037.png",
	"frame": {"x":540,"y":1350,"w":270,"h":270},
	"rotated": false,
	"trimmed": false,
	"spriteSourceSize": {"x":0,"y":0,"w":270,"h":270},
	"sourceSize": {"w":270,"h":270}
},
{
	"filename": "heno_00038.png",
	"frame": {"x":810,"y":1350,"w":270,"h":270},
	"rotated": false,
	"trimmed": false,
	"spriteSourceSize": {"x":0,"y":0,"w":270,"h":270},
	"sourceSize": {"w":270,"h":270}
},
{
	"filename": "heno_00039.png",
	"frame": {"x":1080,"y":1350,"w":270,"h":270},
	"rotated": false,
	"trimmed": false,
	"spriteSourceSize": {"x":0,"y":0,"w":270,"h":270},
	"sourceSize": {"w":270,"h":270}
},
{
	"filename": "heno_00040.png",
	"frame": {"x":1350,"y":1350,"w":270,"h":270},
	"rotated": false,
	"trimmed": false,
	"spriteSourceSize": {"x":0,"y":0,"w":270,"h":270},
	"sourceSize": {"w":270,"h":270}
},
{
	"filename": "heno_00041.png",
	"frame": {"x":1620,"y":1350,"w":270,"h":270},
	"rotated": false,
	"trimmed": false,
	"spriteSourceSize": {"x":0,"y":0,"w":270,"h":270},
	"sourceSize": {"w":270,"h":270}
},
{
	"filename": "heno_00042.png",
	"frame": {"x":0,"y":1620,"w":270,"h":270},
	"rotated": false,
	"trimmed": false,
	"spriteSourceSize": {"x":0,"y":0,"w":270,"h":270},
	"sourceSize": {"w":270,"h":270}
},
{
	"filename": "heno_00043.png",
	"frame": {"x":270,"y":1620,"w":270,"h":270},
	"rotated": false,
	"trimmed": false,
	"spriteSourceSize": {"x":0,"y":0,"w":270,"h":270},
	"sourceSize": {"w":270,"h":270}
},
{
	"filename": "heno_00044.png",
	"frame": {"x":540,"y":1620,"w":270,"h":270},
	"rotated": false,
	"trimmed": false,
	"spriteSourceSize": {"x":0,"y":0,"w":270,"h":270},
	"sourceSize": {"w":270,"h":270}
},
{
	"filename": "heno_00045.png",
	"frame": {"x":810,"y":1620,"w":270,"h":270},
	"rotated": false,
	"trimmed": false,
	"spriteSourceSize": {"x":0,"y":0,"w":270,"h":270},
	"sourceSize": {"w":270,"h":270}
},
{
	"filename": "heno_00046.png",
	"frame": {"x":1080,"y":1620,"w":270,"h":270},
	"rotated": false,
	"trimmed": false,
	"spriteSourceSize": {"x":0,"y":0,"w":270,"h":270},
	"sourceSize": {"w":270,"h":270}
},
{
	"filename": "heno_00047.png",
	"frame": {"x":1350,"y":1620,"w":270,"h":270},
	"rotated": false,
	"trimmed": false,
	"spriteSourceSize": {"x":0,"y":0,"w":270,"h":270},
	"sourceSize": {"w":270,"h":270}
},
{
	"filename": "heno_00048.png",
	"frame": {"x":1620,"y":1620,"w":270,"h":270},
	"rotated": false,
	"trimmed": false,
	"spriteSourceSize": {"x":0,"y":0,"w":270,"h":270},
	"sourceSize": {"w":270,"h":270}
},
{
	"filename": "heno_00049.png",
	"frame": {"x":0,"y":1890,"w":270,"h":270},
	"rotated": false,
	"trimmed": false,
	"spriteSourceSize": {"x":0,"y":0,"w":270,"h":270},
	"sourceSize": {"w":270,"h":270}
}],
"meta": {
	"app": "https://www.codeandweb.com/texturepacker",
	"version": "1.0",
	"image": "heno.png",
	"format": "RGBA8888",
	"size": {"w":1890,"h":2160},
	"scale": "1",
	"smartupdate": "$TexturePacker:SmartUpdate:d60a048e27c2787635af10514465198f:f8d1757848429055abfee20cbc95a70c:caa33bd1572cff6dae5122ad66402b38$"
}
}
